﻿User,Card,Year,Month,Day,Time,Amount,Use Chip,Merchant Name,Merchant City,Merchant State,Zip,MCC,Errors?,Is Fraud?
413,3,2008,3,9,14:56,$12.52,Swipe Transaction,4722913068560264812,Ridgefield,WA,98642,5411,,No
413,3,2008,3,10,12:28,$10.11,Swipe Transaction,3639123430068731390,Ridgefield,WA,98642,5814,,No
413,3,2008,3,11,7:31,$56.90,Swipe Transaction,6759623715801000040,Ridgefield,WA,98642,5311,,No
413,3,2008,3,13,7:46,$53.19,Swipe Transaction,6759623715801000040,Ridgefield,WA,98642,5311,,No
413,3,2008,3,14,7:56,$50.78,Swipe Transaction,6661973303171003879,Vancouver,WA,98660,5211,,No
413,3,2008,3,15,7:30,$50.44,Swipe Transaction,8331970104800553613,Ridgefield,WA,98642,5211,,No
413,3,2008,3,15,8:10,$37.88,Online Transaction,7132919534969217203,ONLINE,,,4784,,No
413,3,2008,3,16,7:47,$58.85,Swipe Transaction,-5.46792E+18,Vancouver,WA,98661,5912,,No
413,3,2008,3,16,14:41,$117.71,Swipe Transaction,-6.0431E+17,Ridgefield,WA,98642,8041,,No
413,3,2008,3,19,16:30,$100.90,Swipe Transaction,-8.26128E+18,Ridgefield,WA,98642,7230,,No
