﻿User,Card,Year,Month,Day,Time,Amount,Use Chip,Merchant Name,Merchant City,Merchant State,Zip,MCC,Errors?,Is Fraud?
0,0,2002,9,1,6:21,$134.09,Swipe Transaction,3527213246127876953,La Verne,CA,91750,5300,,No
0,0,2002,9,1,6:42,$38.48,Swipe Transaction,-7.27612E+17,Monterey Park,CA,91754,5411,,No
0,0,2002,9,2,6:22,$120.34,Swipe Transaction,-7.27612E+17,Monterey Park,CA,91754,5411,,No
0,0,2002,9,2,17:45,$128.95,Swipe Transaction,3414527459579106770,Monterey Park,CA,91754,5651,,No
0,0,2002,9,3,6:23,$104.71,Swipe Transaction,5817218446178736267,La Verne,CA,91750,5912,,No
0,0,2002,9,3,13:53,$86.19,Swipe Transaction,-7.14667E+18,Monterey Park,CA,91755,5970,,No
0,0,2002,9,4,5:51,$93.84,Swipe Transaction,-7.27612E+17,Monterey Park,CA,91754,5411,,No
0,0,2002,9,4,6:09,$123.50,Swipe Transaction,-7.27612E+17,Monterey Park,CA,91754,5411,,No
0,0,2002,9,5,6:14,$61.72,Swipe Transaction,-7.27612E+17,Monterey Park,CA,91754,5411,,No
0,0,2002,9,5,9:35,$57.10,Swipe Transaction,4055257078481058705,La Verne,CA,91750,7538,,No
