﻿User,Card,Year,Month,Day,Time,Amount,Use Chip,Merchant Name,Merchant City,Merchant State,Zip,MCC,Errors?,Is Fraud?
202,0,2015,12,12,7:35,$44.70,Online Transaction,-2.08849E+18,ONLINE,,,4784,,No
202,0,2015,12,12,8:12,$58.86,Online Transaction,-2.08849E+18,ONLINE,,,4784,,No
202,0,2015,12,12,8:40,$62.11,Online Transaction,-2.08849E+18,ONLINE,,,4784,,No
202,0,2015,12,12,22:02,-$51.00,Chip Transaction,-4.33423E+18,Caledonia,OH,43314,5541,Technical Glitch,No
202,0,2015,12,12,22:11,$45.82,Chip Transaction,-4.33423E+18,Caledonia,OH,43314,5541,,No
202,0,2015,12,12,22:16,$51.00,Chip Transaction,-4.33423E+18,Caledonia,OH,43314,5541,,No
202,0,2015,12,13,8:14,$49.42,Online Transaction,-2.08849E+18,ONLINE,,,4784,,No
202,0,2015,12,15,7:24,$3.54,Chip Transaction,-5.47568E+18,Toledo,OH,43615,5942,,No
202,0,2015,12,15,8:28,$48.94,Online Transaction,-2.08849E+18,ONLINE,,,4784,,No
202,0,2015,12,15,12:06,$15.30,Chip Transaction,-4.83175E+18,Caledonia,OH,43314,5812,,No
